[
  {
    "area": "2381740",
    "population": "43000000",
    "url": "/algeria",
    "name": "Algeria",
    "code": "dz",
    "continent": "africa"
  },
  {
    "area": "1246700",
    "population": "31127674",
    "url": "/angola",
    "name": "Angola",
    "code": "ao",
    "continent": "africa"
  },
  {
    "area": "114763",
    "population": "11733059",
    "url": "/benin",
    "name": "Benin",
    "code": "bj",
    "continent": "africa"
  },
  {
    "area": "581730",
    "population": "2338851",
    "url": "/botswana",
    "name": "Botswana",
    "code": "bw",
    "continent": "africa"
  },
  {
    "area": "60",
    "population": "0",
    "url": "/british-indian-ocean-territory",
    "name": "British Indian Ocean Territory",
    "code": "io",
    "continent": "africa"
  },
  {
    "area": "274222",
    "population": "20870060",
    "url": "/burkina-faso",
    "name": "Burkina Faso",
    "code": "bf",
    "continent": "africa"
  },
  {
    "area": "27834",
    "population": "10953317",
    "url": "/burundi",
    "name": "Burundi",
    "code": "bi",
    "continent": "africa"
  },
  {
    "area": "475442",
    "population": "25876000",
    "url": "/cameroon",
    "name": "Cameroon",
    "code": "cm",
    "continent": "africa"
  },
  {
    "area": "4033",
    "population": "550483",
    "url": "/cape-verde",
    "name": "Cape Verde",
    "code": "cv",
    "continent": "africa"
  },
  {
    "area": "622984",
    "population": "5496011",
    "url": "/the-central-african-republic",
    "name": "Central African Republic",
    "code": "cf",
    "continent": "africa"
  },
  {
    "area": "1284000",
    "population": "15692969",
    "url": "/chad",
    "name": "Chad",
    "code": "td",
    "continent": "africa"
  },
  {
    "area": "1862",
    "population": "873724",
    "url": "/the-comoros",
    "name": "Comoros",
    "code": "km",
    "continent": "africa"
  },
  {
    "area": "342000",
    "population": "5380508",
    "url": "/the-republic-of-the-congo",
    "name": "Republic of the Congo",
    "code": "cg",
    "continent": "africa"
  },
  {
    "area": "2344860",
    "population": "86790567",
    "url": "/the-democratic-republic-of-the-congo",
    "name": "DR Congo",
    "code": "cd",
    "continent": "africa"
  },
  {
    "area": "322463",
    "population": "25823071",
    "url": "/cote-d-ivoire",
    "name": "Côte d'Ivoire",
    "code": "ci",
    "continent": "africa"
  },
  {
    "area": "23200",
    "population": "1078373",
    "url": "/djibouti",
    "name": "Djibouti",
    "code": "dj",
    "continent": "africa"
  },
  {
    "area": "1002450",
    "population": "100052943",
    "url": "/egypt",
    "name": "Egypt",
    "code": "eg",
    "continent": "africa"
  },
  {
    "area": "28051",
    "population": "1358276",
    "url": "/equatorial-guinea",
    "name": "Equatorial Guinea",
    "code": "gq",
    "continent": "africa"
  },
  {
    "area": "117600",
    "population": "3497117",
    "url": "/eritrea",
    "name": "Eritrea",
    "code": "er",
    "continent": "africa"
  },
  {
    "area": "17364",
    "population": "1093238",
    "url": "/swaziland",
    "name": "Eswatini",
    "code": "sz",
    "continent": "africa"
  },
  {
    "area": "1104300",
    "population": "98665000",
    "url": "/ethiopia",
    "name": "Ethiopia",
    "code": "et",
    "continent": "africa"
  },
  {
    "area": "267668",
    "population": "2172579",
    "url": "/gabon",
    "name": "Gabon",
    "code": "ga",
    "continent": "africa"
  },
  {
    "area": "11295",
    "population": "2347706",
    "url": "/the-gambia",
    "name": "Gambia",
    "code": "gm",
    "continent": "africa"
  },
  {
    "area": "238533",
    "population": "30280811",
    "url": "/ghana",
    "name": "Ghana",
    "code": "gh",
    "continent": "africa"
  },
  {
    "area": "245857",
    "population": "12218357",
    "url": "/guinea",
    "name": "Guinea",
    "code": "gn",
    "continent": "africa"
  },
  {
    "area": "36125",
    "population": "1604528",
    "url": "/guinea-bissau",
    "name": "Guinea-Bissau",
    "code": "gw",
    "continent": "africa"
  },
  {
    "area": "580367",
    "population": "47564296",
    "url": "/kenya",
    "name": "Kenya",
    "code": "ke",
    "continent": "africa"
  },
  {
    "area": "30355",
    "population": "2007201",
    "url": "/lesotho",
    "name": "Lesotho",
    "code": "ls",
    "continent": "africa"
  },
  {
    "area": "111369",
    "population": "4475353",
    "url": "/liberia",
    "name": "Liberia",
    "code": "lr",
    "continent": "africa"
  },
  {
    "area": "1759540",
    "population": "6777452",
    "url": "/libya",
    "name": "Libya",
    "code": "ly",
    "continent": "africa"
  },
  {
    "area": "587041",
    "population": "25680342",
    "url": "/madagascar",
    "name": "Madagascar",
    "code": "mg",
    "continent": "africa"
  },
  {
    "area": "118484",
    "population": "17563749",
    "url": "/malawi",
    "name": "Malawi",
    "code": "mw",
    "continent": "africa"
  },
  {
    "area": "1240190",
    "population": "19973000",
    "url": "/mali",
    "name": "Mali",
    "code": "ml",
    "continent": "africa"
  },
  {
    "area": "1030700",
    "population": "4077347",
    "url": "/mauritania",
    "name": "Mauritania",
    "code": "mr",
    "continent": "africa"
  },
  {
    "area": "2040",
    "population": "1265985",
    "url": "/mauritius",
    "name": "Mauritius",
    "code": "mu",
    "continent": "africa"
  },
  {
    "area": "374",
    "population": "279471",
    "url": "/mayotte",
    "name": "Mayotte",
    "code": "yt",
    "continent": "africa"
  },
  {
    "area": "446550",
    "population": "35821024",
    "url": "/morocco",
    "name": "Morocco",
    "code": "ma",
    "continent": "africa"
  },
  {
    "area": "801590",
    "population": "28571310",
    "url": "/mozambique",
    "name": "Mozambique",
    "code": "mz",
    "continent": "africa"
  },
  {
    "area": "825615",
    "population": "2458936",
    "url": "/namibia",
    "name": "Namibia",
    "code": "na",
    "continent": "africa"
  },
  {
    "area": "1267000",
    "population": "22314743",
    "url": "/niger",
    "name": "Niger",
    "code": "ne",
    "continent": "africa"
  },
  {
    "area": "923768",
    "population": "200963599",
    "url": "/nigeria",
    "name": "Nigeria",
    "code": "ng",
    "continent": "africa"
  },
  {
    "area": "2511",
    "population": "859959",
    "url": "/reunion",
    "name": "Réunion",
    "code": "re",
    "continent": "africa"
  },
  {
    "area": "26338",
    "population": "12374397",
    "url": "/rwanda",
    "name": "Rwanda",
    "code": "rw",
    "continent": "africa"
  },
  {
    "area": "394",
    "population": "5633",
    "url": "/saint-helena-ascension-and-tristan-da-cunha",
    "name": "Saint Helena, Ascension and Tristan da Cunha",
    "code": "sh",
    "continent": "africa"
  },
  {
    "area": "964",
    "population": "201784",
    "url": "/sao-tome-and-principe",
    "name": "São Tomé and Príncipe",
    "code": "st",
    "continent": "africa"
  },
  {
    "area": "196722",
    "population": "16209125",
    "url": "/senegal",
    "name": "Senegal",
    "code": "sn",
    "continent": "africa"
  },
  {
    "area": "452",
    "population": "97625",
    "url": "/the-seychelles",
    "name": "Seychelles",
    "code": "sc",
    "continent": "africa"
  },
  {
    "area": "71740",
    "population": "7901454",
    "url": "/sierra-leone",
    "name": "Sierra Leone",
    "code": "sl",
    "continent": "africa"
  },
  {
    "area": "637657",
    "population": "15442905",
    "url": "/somalia",
    "name": "Somalia",
    "code": "so",
    "continent": "africa"
  },
  {
    "area": "1221040",
    "population": "58775022",
    "url": "/south-africa",
    "name": "South Africa",
    "code": "za",
    "continent": "africa"
  },
  {
    "area": "644329",
    "population": "12778250",
    "url": "/south-sudan",
    "name": "South Sudan",
    "code": "ss",
    "continent": "africa"
  },
  {
    "area": "1861480",
    "population": "42295645",
    "url": "/sudan",
    "name": "Sudan",
    "code": "sd",
    "continent": "africa"
  },
  {
    "area": "945087",
    "population": "55890747",
    "url": "/tanzania",
    "name": "Tanzania",
    "code": "tz",
    "continent": "africa"
  },
  {
    "area": "56785",
    "population": "7538000",
    "url": "/togo",
    "name": "Togo",
    "code": "tg",
    "continent": "africa"
  },
  {
    "area": "163610",
    "population": "11722038",
    "url": "/tunisia",
    "name": "Tunisia",
    "code": "tn",
    "continent": "africa"
  },
  {
    "area": "241550",
    "population": "40299300",
    "url": "/uganda",
    "name": "Uganda",
    "code": "ug",
    "continent": "africa"
  },
  {
    "area": "266000",
    "population": "582463",
    "url": "/western-sahara",
    "name": "Western Sahara",
    "code": "eh",
    "continent": "africa"
  },
  {
    "area": "752612",
    "population": "17381168",
    "url": "/zambia",
    "name": "Zambia",
    "code": "zm",
    "continent": "africa"
  },
  {
    "area": "390757",
    "population": "15159624",
    "url": "/zimbabwe",
    "name": "Zimbabwe",
    "code": "zw",
    "continent": "africa"
  }
]
