[
  {
    "area": "91",
    "population": "14869",
    "url": "/anguilla",
    "name": "Anguilla",
    "code": "ai",
    "continent": "north-america"
  },
  {
    "area": "442",
    "population": "96453",
    "url": "/antigua-and-barbuda",
    "name": "Antigua and Barbuda",
    "code": "ag",
    "continent": "north-america"
  },
  {
    "area": "180",
    "population": "112309",
    "url": "/aruba",
    "name": "Aruba",
    "code": "aw",
    "continent": "north-america"
  },
  {
    "area": "13943",
    "population": "385340",
    "url": "/the-bahamas",
    "name": "Bahamas",
    "code": "bs",
    "continent": "north-america"
  },
  {
    "area": "430",
    "population": "287025",
    "url": "/barbados",
    "name": "Barbados",
    "code": "bb",
    "continent": "north-america"
  },
  {
    "area": "22966",
    "population": "408487",
    "url": "/belize",
    "name": "Belize",
    "code": "bz",
    "continent": "north-america"
  },
  {
    "area": "54",
    "population": "64027",
    "url": "/bermuda",
    "name": "Bermuda",
    "code": "bm",
    "continent": "north-america"
  },
  {
    "area": "9984670",
    "population": "37935814",
    "url": "/canada",
    "name": "Canada",
    "code": "ca",
    "continent": "north-america"
  },
  {
    "area": "328",
    "population": "25157",
    "url": "/caribbean-netherlands",
    "name": "Caribbean Netherlands",
    "code": "bq",
    "continent": "north-america"
  },
  {
    "area": "264",
    "population": "65813",
    "url": "/cayman-islands",
    "name": "Cayman Islands",
    "code": "ky",
    "continent": "north-america"
  },
  {
    "area": "51100",
    "population": "5058007",
    "url": "/costa-rica",
    "name": "Costa Rica",
    "code": "cr",
    "continent": "north-america"
  },
  {
    "area": "109884",
    "population": "11209628",
    "url": "/cuba",
    "name": "Cuba",
    "code": "cu",
    "continent": "north-america"
  },
  {
    "area": "444",
    "population": "158665",
    "url": "/curacao",
    "name": "Curaçao",
    "code": "cw",
    "continent": "north-america"
  },
  {
    "area": "751",
    "population": "71808",
    "url": "/dominica",
    "name": "Dominica",
    "code": "dm",
    "continent": "north-america"
  },
  {
    "area": "48671",
    "population": "10358320",
    "url": "/the-dominican-republic",
    "name": "Dominican Republic",
    "code": "do",
    "continent": "north-america"
  },
  {
    "area": "21041",
    "population": "6704864",
    "url": "/el-salvador",
    "name": "El Salvador",
    "code": "sv",
    "continent": "north-america"
  },
  {
    "area": "2166090",
    "population": "56081",
    "url": "/greenland",
    "name": "Greenland",
    "code": "gl",
    "continent": "north-america"
  },
  {
    "area": "344",
    "population": "112003",
    "url": "/grenada",
    "name": "Grenada",
    "code": "gd",
    "continent": "north-america"
  },
  {
    "area": "1628",
    "population": "395700",
    "url": "/guadeloupe",
    "name": "Guadeloupe",
    "code": "gp",
    "continent": "north-america"
  },
  {
    "area": "108889",
    "population": "16604026",
    "url": "/guatemala",
    "name": "Guatemala",
    "code": "gt",
    "continent": "north-america"
  },
  {
    "area": "27750",
    "population": "11577779",
    "url": "/haiti",
    "name": "Haiti",
    "code": "ht",
    "continent": "north-america"
  },
  {
    "area": "112492",
    "population": "9158345",
    "url": "/honduras",
    "name": "Honduras",
    "code": "hn",
    "continent": "north-america"
  },
  {
    "area": "10991",
    "population": "2726667",
    "url": "/jamaica",
    "name": "Jamaica",
    "code": "jm",
    "continent": "north-america"
  },
  {
    "area": "1128",
    "population": "376480",
    "url": "/martinique",
    "name": "Martinique",
    "code": "mq",
    "continent": "north-america"
  },
  {
    "area": "1964380",
    "population": "126577691",
    "url": "/mexico",
    "name": "Mexico",
    "code": "mx",
    "continent": "north-america"
  },
  {
    "area": "102",
    "population": "4989",
    "url": "/montserrat",
    "name": "Montserrat",
    "code": "ms",
    "continent": "north-america"
  },
  {
    "area": "130373",
    "population": "6460411",
    "url": "/nicaragua",
    "name": "Nicaragua",
    "code": "ni",
    "continent": "north-america"
  },
  {
    "area": "75417",
    "population": "4218808",
    "url": "/panama",
    "name": "Panama",
    "code": "pa",
    "continent": "north-america"
  },
  {
    "area": "8870",
    "population": "3193694",
    "url": "/puerto-rico",
    "name": "Puerto Rico",
    "code": "pr",
    "continent": "north-america"
  },
  {
    "area": "21",
    "population": "9793",
    "url": "/saint-barthelemy",
    "name": "Saint Barthélemy",
    "code": "bl",
    "continent": "north-america"
  },
  {
    "area": "261",
    "population": "52823",
    "url": "/saint-kitts-and-nevis",
    "name": "Saint Kitts and Nevis",
    "code": "kn",
    "continent": "north-america"
  },
  {
    "area": "616",
    "population": "178696",
    "url": "/saint-lucia",
    "name": "Saint Lucia",
    "code": "lc",
    "continent": "north-america"
  },
  {
    "area": "53",
    "population": "35107",
    "url": "/saint-martin",
    "name": "Saint Martin",
    "code": "mf",
    "continent": "north-america"
  },
  {
    "area": "242",
    "population": "6008",
    "url": "/saint-pierre-and-miquelon",
    "name": "Saint Pierre and Miquelon",
    "code": "pm",
    "continent": "north-america"
  },
  {
    "area": "389",
    "population": "110608",
    "url": "/saint-vincent-and-the-grenadines",
    "name": "Saint Vincent and the Grenadines",
    "code": "vc",
    "continent": "north-america"
  },
  {
    "area": "34",
    "population": "40614",
    "url": "/sint-maarten",
    "name": "Sint Maarten",
    "code": "sx",
    "continent": "north-america"
  },
  {
    "area": "948",
    "population": "41369",
    "url": "/turks-and-caicos-islands",
    "name": "Turks and Caicos Islands",
    "code": "tc",
    "continent": "north-america"
  },
  {
    "area": "9833520",
    "population": "329345637",
    "url": "/the-united-states",
    "name": "United States",
    "code": "us",
    "continent": "north-america"
  },
  {
    "area": "34",
    "population": "300",
    "url": "/united-states-minor-outlying-islands",
    "name": "United States Minor Outlying Islands",
    "code": "um",
    "continent": "north-america"
  },
  {
    "area": "151",
    "population": "30030",
    "url": "/british-virgin-islands",
    "name": "British Virgin Islands",
    "code": "vg",
    "continent": "north-america"
  },
  {
    "area": "347",
    "population": "104578",
    "url": "/united-states-virgin-islands",
    "name": "United States Virgin Islands",
    "code": "vi",
    "continent": "north-america"
  }
]
